EVENT_ID,STATE,STATE_FIPS,YEAR,MONTH_NAME,EVENT_TYPE
10050384,MISSISSIPPI,28,1950,June,Tornado
10086808,OHIO,39,1950,January,Tornado
10120418,TEXAS,48,1950,June,Tornado
9981922,ARKANSAS,5,1950,January,Tornado
10001432,GEORGIA,13,1950,June,Tornado
10049829,MISSISSIPPI,28,1955,October,Tornado
9984208,ARKANSAS,5,1955,October,Tornado
9991373,COLORADO,8,1955,June,Tornado
10121863,TEXAS,48,1955,June,Tornado
9978062,ALABAMA,1,1964,January,Tornado
10035949,KENTUCKY,21,1964,June,Tornado
10079512,NEW MEXICO,35,1964,June,Tornado
10077996,NORTH CAROLINA,37,1964,December,Tornado
10113684,SOUTH DAKOTA,46,1964,June,Tornado
9988548,FLORIDA,12,1964,June,Tornado
10012200,IOWA,19,1964,June,Tornado
10095071,OKLAHOMA,40,1964,June,Tornado
9995806,GEORGIA,13,1964,December,Tornado
10026396,KANSAS,20,1964,June,Tornado
9976193,ALABAMA,1,1967,October,Tornado
9977284,ALABAMA,1,1967,December,Tornado
10092072,OKLAHOMA,40,1967,June,Tornado
10060671,MISSOURI,29,1967,December,Tornado
10071904,NEBRASKA,31,1967,June,Tornado
10067230,NEBRASKA,31,1967,June,Tornado
10093178,OKLAHOMA,40,1967,January,Tornado
10092090,OKLAHOMA,40,1967,June,Tornado
10123987,TENNESSEE,47,1967,December,Tornado
10048553,MISSISSIPPI,28,1967,December,Tornado
10048558,MISSISSIPPI,28,1967,December,Tornado
9982092,ARKANSAS,5,1967,December,Tornado
10004261,INDIANA,18,1967,December,Tornado
10004272,INDIANA,18,1967,December,Tornado
10112586,SOUTH CAROLINA,45,1967,December,Tornado
10004247,INDIANA,18,1967,October,Tornado
10004250,INDIANA,18,1967,October,Tornado
10009968,ILLINOIS,17,1967,January,Tornado
10033090,LOUISIANA,22,1967,October,Tornado
10012003,IOWA,19,1967,January,Tornado
10012005,IOWA,19,1967,January,Tornado
10060661,MISSOURI,29,1967,October,Tornado
10148077,WISCONSIN,55,1967,June,Tornado
9976189,ALABAMA,1,1967,October,Tornado
10161730,WYOMING,56,1967,June,Tornado
10133520,TEXAS,48,1967,June,Tornado
10123167,TENNESSEE,47,1973,December,Tornado
10114443,SOUTH CAROLINA,45,1973,December,Tornado
10094587,OKLAHOMA,40,1973,June,Tornado
10094608,OKLAHOMA,40,1973,June,Tornado
10087098,OHIO,39,1973,June,Tornado
10112157,SOUTH DAKOTA,46,1973,June,Tornado
10112158,SOUTH DAKOTA,46,1973,June,Tornado
10116796,PENNSYLVANIA,42,1973,October,Tornado
10041613,MICHIGAN,26,1973,June,Tornado
10057928,MISSOURI,29,1973,June,Tornado
10053895,MISSISSIPPI,28,1973,December,Tornado
10057962,MISSOURI,29,1973,June,Tornado
9980025,ARKANSAS,5,1973,December,Tornado
9978208,ALABAMA,1,1973,December,Tornado
9978213,ALABAMA,1,1973,December,Tornado
9978227,ALABAMA,1,1973,December,Tornado
10057051,MISSOURI,29,1973,January,Tornado
10057052,MISSOURI,29,1973,January,Tornado
9987333,CONNECTICUT,9,1973,June,Tornado
10015988,INDIANA,18,1973,December,Tornado
10085831,OHIO,39,1973,June,Tornado
10019371,INDIANA,18,1973,June,Tornado
10008396,ILLINOIS,17,1973,December,Tornado
10020299,KANSAS,20,1973,October,Tornado
10085843,OHIO,39,1973,June,Tornado
10136132,TEXAS,48,1973,January,Tornado
9999387,FLORIDA,12,1973,January,Tornado
10132018,TEXAS,48,1973,October,Tornado
9998584,FLORIDA,12,1980,June,Tornado
10098860,OHIO,39,1980,June,Tornado
10098901,OHIO,39,1980,June,Tornado
10061831,MISSISSIPPI,28,1980,October,Tornado
9998592,FLORIDA,12,1980,June,Tornado
10018451,INDIANA,18,1980,June,Tornado
10147708,WEST VIRGINIA,54,1980,June,Tornado
10131046,TEXAS,48,1980,June,Tornado
10129946,TEXAS,48,1980,October,Tornado
10018469,INDIANA,18,1980,June,Tornado
10131021,TEXAS,48,1980,June,Tornado
10146647,WISCONSIN,55,1980,June,Tornado
9991262,CALIFORNIA,6,1980,January,Tornado
10018478,INDIANA,18,1980,June,Tornado
9984751,COLORADO,8,1986,June,Tornado
10153414,VIRGINIA,51,1986,October,Tornado
10083114,NORTH DAKOTA,38,1986,June,Tornado
10148603,WEST VIRGINIA,54,1986,October,Tornado
10005579,ILLINOIS,17,1986,June,Tornado
10081039,NEBRASKA,31,1989,June,Tornado
10114857,PENNSYLVANIA,42,1989,June,Tornado
10109753,SOUTH CAROLINA,45,1989,June,Tornado
10087299,NORTH CAROLINA,37,1989,June,Tornado
10044492,LOUISIANA,22,1989,June,Tornado
9985997,DELAWARE,10,1989,June,Tornado
10044512,LOUISIANA,22,1989,June,Tornado
10044515,LOUISIANA,22,1989,June,Tornado
10000063,FLORIDA,12,1989,June,Tornado
10118440,PENNSYLVANIA,42,1989,June,Tornado
10001225,FLORIDA,12,1989,October,Tornado
10004891,ILLINOIS,17,1989,January,Tornado
10147627,WASHINGTON,53,1989,June,Tornado
9993165,ARKANSAS,5,1989,June,Tornado
10001133,FLORIDA,12,1989,June,Tornado
10028440,IOWA,19,1989,June,Tornado
10139048,TEXAS,48,1989,June,Tornado
5614255,MISSISSIPPI,28,1997,June,Lightning
5618577,MICHIGAN,26,1997,June,Lightning
5624407,FLORIDA,12,1997,June,Lightning
5607755,LOUISIANA,22,1997,June,Lightning
5612644,NEBRASKA,31,1997,June,Lightning
5615469,FLORIDA,12,1997,June,Lightning
5615819,FLORIDA,12,1997,June,Lightning
5615820,FLORIDA,12,1997,June,Lightning
5612170,TEXAS,48,1997,June,Lightning
5589729,TENNESSEE,47,1997,January,Tornado
5619417,COLORADO,8,1997,June,Lightning
5587359,NORTH DAKOTA,38,1997,January,Blizzard
5618632,NEW YORK,36,1997,June,Lightning
5615204,MASSACHUSETTS,25,1997,June,Lightning
5590825,ILLINOIS,17,1997,January,Heavy Snow
5617006,FLORIDA,12,1997,June,Lightning
5615713,FLORIDA,12,1997,June,Lightning
5587133,NORTH DAKOTA,38,1997,January,Blizzard
5587134,NORTH DAKOTA,38,1997,January,Blizzard
5587139,NORTH DAKOTA,38,1997,January,Blizzard
5587140,NORTH DAKOTA,38,1997,January,Blizzard
5587141,NORTH DAKOTA,38,1997,January,Blizzard
5587142,NORTH DAKOTA,38,1997,January,Blizzard
5587662,LOUISIANA,22,1997,January,Lightning
5587959,ALABAMA,1,1997,January,Lightning
5604705,SOUTH CAROLINA,45,1997,June,Lightning
5607398,COLORADO,8,1997,June,Lightning
5591528,SOUTH DAKOTA,46,1997,January,Blizzard
5587112,NORTH DAKOTA,38,1997,January,Blizzard
5587103,NORTH DAKOTA,38,1997,January,Blizzard
5588192,ALABAMA,1,1997,January,Tornado
5587105,NORTH DAKOTA,38,1997,January,Blizzard
5588096,LOUISIANA,22,1997,January,Tornado
5587348,NORTH DAKOTA,38,1997,January,Blizzard
5587349,NORTH DAKOTA,38,1997,January,Blizzard
5615581,FLORIDA,12,1997,June,Lightning
5597757,NORTH DAKOTA,38,1997,June,Lightning
5603502,MINNESOTA,27,1997,June,Tornado
5608329,TEXAS,48,1997,June,Lightning
5587104,NORTH DAKOTA,38,1997,January,Blizzard
5588906,FLORIDA,12,1997,January,Tornado
5601579,MISSOURI,29,1997,June,Lightning
5589727,TENNESSEE,47,1997,January,Tornado
5602439,WISCONSIN,55,1997,June,Lightning
5587355,NORTH DAKOTA,38,1997,January,Blizzard
5627071,FLORIDA,12,1997,June,Tornado
5624866,MAINE,23,1997,June,Lightning
5607324,COLORADO,8,1997,June,Lightning
5584613,TEXAS,48,1997,January,Lightning
5587357,NORTH DAKOTA,38,1997,January,Blizzard
5606105,VIRGINIA,51,1997,June,Lightning
5609045,TEXAS,48,1997,June,Tornado
5604970,WEST VIRGINIA,54,1997,June,Lightning
5607314,COLORADO,8,1997,June,Lightning
5607396,COLORADO,8,1997,June,Lightning
5603309,NORTH CAROLINA,37,1997,June,Lightning
5603465,COLORADO,8,1997,June,Lightning
5605530,ALABAMA,1,1997,June,Tornado
5604745,VIRGINIA,51,1997,June,Lightning
5608531,KENTUCKY,21,1997,June,Lightning
5587367,NORTH DAKOTA,38,1997,January,Blizzard
5587365,NORTH DAKOTA,38,1997,January,Blizzard
5616475,ALABAMA,1,1997,October,Lightning
5620662,FLORIDA,12,1997,October,Lightning
5617791,MISSISSIPPI,28,1997,October,Lightning
5617800,GEORGIA,13,1997,October,Tornado
5627053,ALABAMA,1,1997,December,Tornado
5622325,FLORIDA,12,1997,October,Tornado
5620543,FLORIDA,12,1997,October,Lightning
5626408,NEBRASKA,31,1997,December,Blizzard
5617062,TEXAS,48,1997,October,Tornado
5622306,LOUISIANA,22,1997,October,Lightning
5622332,FLORIDA,12,1997,October,Tornado
5622194,KANSAS,20,1997,October,Blizzard
5622594,TEXAS,48,1997,October,Tornado
5616573,ALABAMA,1,1997,October,Lightning
5621863,NORTH CAROLINA,37,1997,October,Tornado
5621764,COLORADO,8,1997,October,Tornado
5328278,CALIFORNIA,6,2003,December,Lightning
5332214,OREGON,41,2003,December,Heavy Snow
5339746,KANSAS,20,2003,January,Heavy Snow
5364705,FLORIDA,12,2003,June,Lightning
5364706,FLORIDA,12,2003,June,Lightning
5364710,FLORIDA,12,2003,June,Lightning
5359528,FLORIDA,12,2003,June,Lightning
5359529,FLORIDA,12,2003,June,Lightning
5365739,NEW YORK,36,2003,June,Lightning
5367980,MINNESOTA,27,2003,June,Lightning
5366729,MONTANA,30,2003,June,Lightning
5366652,WYOMING,56,2003,June,Lightning
5367251,OKLAHOMA,40,2003,June,Lightning
5372087,TEXAS,48,2003,October,Tornado
5370504,NORTH CAROLINA,37,2003,June,Lightning
5373168,FLORIDA,12,2003,June,Lightning
5433902,FLORIDA,12,2005,January,Lightning
5438448,CALIFORNIA,6,2005,January,Heavy Snow
5437997,CALIFORNIA,6,2005,January,Lightning
5455386,COLORADO,8,2005,June,Lightning
5452480,MARYLAND,24,2005,June,Lightning
5452804,FLORIDA,12,2005,June,Lightning
5453775,FLORIDA,12,2005,June,Lightning
5459699,MASSACHUSETTS,25,2005,June,Lightning
5456993,INDIANA,18,2005,June,Lightning
5456697,CONNECTICUT,9,2005,June,Lightning
5456288,WEST VIRGINIA,54,2005,June,Lightning
5458456,GEORGIA,13,2005,June,Lightning
5458021,NEW HAMPSHIRE,33,2005,June,Lightning
5458026,NEW HAMPSHIRE,33,2005,June,Lightning
5458029,NEW HAMPSHIRE,33,2005,June,Lightning
5458030,NEW HAMPSHIRE,33,2005,June,Lightning
5457412,ILLINOIS,17,2005,June,Lightning
5453693,SOUTH CAROLINA,45,2005,January,Tornado
5457252,MICHIGAN,26,2005,June,Lightning
5453499,IOWA,19,2005,June,Lightning
5455804,NEW JERSEY,34,2005,June,Lightning
5458559,GEORGIA,13,2005,June,Lightning
5461534,FLORIDA,12,2005,June,Lightning
5461605,FLORIDA,12,2005,June,Lightning
5461607,FLORIDA,12,2005,June,Lightning
5458837,NORTH CAROLINA,37,2005,June,Lightning
5458836,NORTH CAROLINA,37,2005,June,Lightning
5461909,MINNESOTA,27,2005,June,Lightning
5462246,UTAH,49,2005,June,Lightning
5463625,FLORIDA,12,2005,June,Lightning
5462671,OHIO,39,2005,June,Lightning
5458658,GEORGIA,13,2005,June,Lightning
5457332,FLORIDA,12,2005,June,Lightning
5462055,WISCONSIN,55,2005,June,Lightning
5460155,MICHIGAN,26,2005,June,Lightning
5459151,MICHIGAN,26,2005,June,Lightning
5458719,GEORGIA,13,2005,June,Lightning
5475864,MISSOURI,29,2005,October,Lightning
242380,NORTH CAROLINA,37,2010,June,Lightning
273034,NORTH CAROLINA,37,2010,December,Heavy Snow
247727,WYOMING,56,2010,June,Lightning
240347,MASSACHUSETTS,25,2010,June,Lightning
241199,MASSACHUSETTS,25,2010,June,Lightning
264252,CALIFORNIA,6,2010,October,Lightning
247906,NORTH CAROLINA,37,2010,June,Lightning
275090,MISSOURI,29,2010,December,Tornado
267577,MISSOURI,29,2010,December,Tornado
236024,INDIANA,18,2010,June,Tornado
229878,INDIANA,18,2010,June,Tornado
265960,FLORIDA,12,2010,January,Tornado
267414,ILLINOIS,17,2010,December,Tornado
267539,ARKANSAS,5,2010,December,Tornado
234888,ILLINOIS,17,2010,June,Lightning
228192,FLORIDA,12,2010,June,Lightning
238871,GEORGIA,13,2010,June,Lightning
246794,GEORGIA,13,2010,June,Lightning
242321,ALABAMA,1,2010,June,Lightning
241511,ALABAMA,1,2010,June,Lightning
229837,CONNECTICUT,9,2010,June,Lightning
230325,CONNECTICUT,9,2010,June,Lightning
227518,TEXAS,48,2010,June,Lightning
240635,MARYLAND,24,2010,June,Lightning
242829,GEORGIA,13,2010,June,Lightning
246782,GEORGIA,13,2010,June,Lightning
246325,GEORGIA,13,2010,June,Lightning
266176,NEW YORK,36,2010,October,Lightning
202850,FLORIDA,12,2010,January,Tornado
245455,WISCONSIN,55,2010,June,Tornado
266135,VIRGINIA,51,2010,October,Tornado
260302,TENNESSEE,47,2010,October,Tornado
265195,ALABAMA,1,2010,October,Lightning
244798,FLORIDA,12,2010,June,Lightning
236671,IOWA,19,2010,June,Tornado
245496,NORTH DAKOTA,38,2010,June,Tornado
247068,MAINE,23,2010,June,Lightning
210773,ALABAMA,1,2010,January,Tornado
238661,MINNESOTA,27,2010,June,Tornado
244746,FLORIDA,12,2010,June,Lightning
246107,IOWA,19,2010,June,Lightning
238951,IOWA,19,2010,June,Lightning
243974,WISCONSIN,55,2010,June,Tornado
240665,TENNESSEE,47,2010,June,Lightning
245002,ILLINOIS,17,2010,June,Lightning
245889,MINNESOTA,27,2010,June,Tornado
226112,ILLINOIS,17,2010,June,Tornado
246134,GEORGIA,13,2010,June,Lightning
